Unnamed: 0,Unnamed: 1,Unnamed: 2,Unnamed: 3,Unnamed: 4,Unnamed: 5
discover char,,,,,
,,,,,
Dec 26,Dec 27,PHILLIPS 66 - FAST N FRIESPRINGFIELDMO,$2.09,,
Dec 28,Dec 29,WM SUPERCENTER #1009REPUBLICMO,$15.74,,
Dec 30,Jan 3,TACO BELL 036366SPRINGFIELDMO,$10.61,,
Dec 30,Jan 3,MENARDS 3355SPRINGFIELDMO,$3.76,,
Jan 1,Jan 3,Etsy Inc Seller Fees718-8557955NY,$0.20,,
Jan 2,Jan 4,MENARDS 3355SPRINGFIELDMO,$52.96,,
Jan 2,Jan 4,JERSEY MIKES 25010SPRINGFIELDMO,$7.11,,
Jan 4,Jan 5,MURPHY USA 7782REPUBLICMO,$20.08,,
,,,,,
,,,,,
,,,,,
Chase,,,,,
Transaction Date,Post Date,Description,Category,Type,Amount
12/21/22,12/22/22,VZWRLSS*APOCC VISW,Bills & Utilities,Sale,-135.04
12/20/22,12/21/22,FIRST WATCH - SUNSHINE,Food & Drink,Sale,-48.73
12/19/22,12/21/22,MENARDS 3355,Home,Sale,-82.41
12/17/22,12/19/22,Ya Ya's Eurobistro - Ches,Food & Drink,Sale,-73.43
12/19/22,12/19/22,CONCENTRATES INC.,Home,Sale,-104
12/17/22,12/18/22,PHILLIPS 66 - 30 FASTL,Gas,Sale,-20.03
12/16/22,12/16/22,PURCHASE INTEREST CHARGE,Fees & Adjustments,Fee,-75.55
11/21/22,11/22/22,VZWRLSS*APOCC VISW,Bills & Utilities,Sale,-160.41
11/15/22,11/17/22,MENARDS 3355,Home,Sale,-134.74
11/16/22,11/16/22,PURCHASE INTEREST CHARGE,Fees & Adjustments,Fee,-65.49
11/10/22,11/13/22,KUM&amp;GO 1476 SPRINGFIEL,Gas,Sale,-40.25
11/3/22,11/4/22,SONIC #4163,Food & Drink,Sale,-5.22
10/27/22,10/28/22,O'REILLY AUTO PARTS 4042,Automotive,Sale,-107.38
10/25/22,10/26/22,SPRING VALLEY VETERINARY,Personal,Sale,-430
10/21/22,10/23/22,VZWRLSS*APOCC VISW,Bills & Utilities,Sale,-160.41
10/18/22,10/19/22,O'REILLY AUTO PARTS 4042,Automotive,Sale,-237.41
10/16/22,10/16/22,PURCHASE INTEREST CHARGE,Fees & Adjustments,Fee,-48.44
10/10/22,10/11/22,MO DMV,Bills & Utilities,Sale,-55.84
9/28/22,9/29/22,Trashbilling.com CC,Bills & Utilities,Sale,-53.27
9/21/22,9/22/22,VZWRLSS*APOCC VISW,Bills & Utilities,Sale,-160.75
9/16/22,9/16/22,PURCHASE INTEREST CHARGE,Fees & Adjustments,Fee,-37.02
9/4/22,9/6/22,EIRINN CAIFE DENTON TX,Food & Drink,Sale,-9.01
9/3/22,9/5/22,EIRINN CAIFE DENTON TX,Food & Drink,Sale,-7.93
9/3/22,9/5/22,IN N OUT BURGER 322,Food & Drink,Sale,-11.37
9/2/22,9/5/22,EIRINN CAIFE DENTON TX,Food & Drink,Sale,-6.36
9/3/22,9/5/22,IN N OUT BURGER 322,Food & Drink,Sale,-8.55
9/1/22,9/4/22,RACETRAC528 00005280,Gas,Sale,-10.04
9/1/22,9/4/22,EIRINN CAIFE DENTON TX,Food & Drink,Sale,-4.65
9/2/22,9/4/22,RAISING CANE'S #174,Food & Drink,Sale,-24.85
9/3/22,9/4/22,CHIPOTLE 2625,Food & Drink,Sale,-30.42
9/1/22,9/4/22,IN N OUT BURGER 322,Food & Drink,Sale,-23.44
9/1/22,9/2/22,ZTL*SOUTHPAW CRAFTS,Shopping,Sale,-28.69
8/31/22,9/2/22,CARL'S JR #727,Food & Drink,Sale,-7.95
8/31/22,9/2/22,CN TRAVEL PLAZA- STRINGT,Gas,Sale,-5.22
8/31/22,9/1/22,REAPERMINI.COM REAPERC,Shopping,Sale,-54.13
8/31/22,9/1/22,LOVE'S #727,Gas,Sale,-8.91
8/21/22,8/22/22,VZWRLSS*APOCC VISW,Bills & Utilities,Sale,-178.07
8/16/22,8/16/22,PURCHASE INTEREST CHARGE,Fees & Adjustments,Fee,-27.46
7/21/22,7/22/22,VZWRLSS*APOCC VISW,Bills & Utilities,Sale,-165.89
7/15/22,7/15/22,PURCHASE INTEREST CHARGE,Fees & Adjustments,Fee,-21.48
6/21/22,6/22/22,VZWRLSS*APOCC VISW,Bills & Utilities,Sale,-160.37
6/16/22,6/16/22,PURCHASE INTEREST CHARGE,Fees & Adjustments,Fee,-22.12
5/21/22,5/22/22,VZWRLSS*APOCC VISW,Bills & Utilities,Sale,-160.37
5/16/22,5/16/22,PURCHASE INTEREST CHARGE,Fees & Adjustments,Fee,-22.87
4/21/22,4/22/22,VZWRLSS*APOCC VISW,Bills & Utilities,Sale,-160.37
4/15/22,4/15/22,PURCHASE INTEREST CHARGE,Fees & Adjustments,Fee,-37.1
3/21/22,3/22/22,VZWRLSS*APOCC VISW,Bills & Utilities,Sale,-160.45
3/16/22,3/16/22,PURCHASE INTEREST CHARGE,Fees & Adjustments,Fee,-27.1
,,,,,
Anthony Checking,,,,,
Date,Type,Description,Check #,Amount,
12/30/22,Debit Card,SPOTIFY NEW YORK NY,,-9.99,
12/30/22,Debit Card,APPLE.COM/BILL 866-712-7753 CA,,-10.99,
12/29/22,Debit Card,CHINA KING SPRINGFIELD MO,,-40,
12/28/22,Debit Card,JERSEY MIKES 25 SPRINGFIELD MO,,-9.67,
12/27/22,Debit Card,WM SUPERCENTER WM SUPERCENTER # REPUBLIC MO,,-32.63,
12/27/22,Debit Card,175000000267 LOWE'S #422 1850 E SPRINGFIELD MO,,-18.87,
12/27/22,Debit Card,STARBUCKS STORE SPRINGFIELD MO,,-5.57,
12/27/22,Debit Card,00000000061861 MURPHY USA 7782 REPUBLIC MO,,-20.19,
12/27/22,Debit Card,00000000067815 PRICE CUTTER #52 SPRINGFIELD MO,,-7,
12/27/22,Debit Card,APPLE.COM/BILL 866-712-7753 CA,,-2.99,
12/23/22,Debit Card,ST GEORGES DONU SPRINGFIELD MO,,-10.15,
12/23/22,Debit Card,TACO BELL 03622 SPRINGFIELD MO,,-9.05,
12/22/22,Debit Card,PANERA BREAD #2 SPRINGFIELD MO,,-9.27,
12/19/22,Debit Card,00000000061861 MURPHY USA 7782 REPUBLIC MO,,-20,
12/19/22,Debit Card,04500000318253 30 FASTLANE SAINT CLAIR MO,,-12.63,
12/19/22,Debit Card,LOVE'S #341 ROLLA MO,,-3.65,
12/19/22,Debit Card,JERSEY MIKES 25 SPRINGFIELD MO,,-19.83,
12/16/22,Debit Card,TACO BELL 03622 SPRINGFIELD MO,,-9.05,
12/15/22,Debit Card,THAI EXPRESS SPRINGFIELD MO,,-48,
12/14/22,Debit Card,385300016218 KUM&GO 1476 SPRING SPRINGFIELD MO,,-15.01,
12/14/22,Debit Card,APPLE.COM/BILL 866-712-7753 CA,,-45.98,
12/13/22,Debit Card,00000000061861 MURPHY USA 7782 REPUBLIC MO,,-15,
12/13/22,Debit Card,365 SOS AUTO AP TROY MI,,-3.87,
12/12/22,Debit Card,365 SOS AUTO AP TROY MI,,-1.99,
12/12/22,Debit Card,APPLE.COM/BILL www.apple.com CA,,-15.98,
12/12/22,Debit Card,PP*BREWCREWLLC SPRINGFIELD MO,,-6.95,
12/12/22,Debit Card,ADOBE CREATIVE 4085366000 CA,,-29.99,
12/12/22,Debit Card,JERSEY MIKES 25 SPRINGFIELD MO,,-16.25,
12/12/22,Debit Card,PP*GOOGLE GOOGL 4029357733 CA,,-1.99,
12/9/22,Debit Card,365 SOS AUTO AP TROY MI,,-1.88,
12/9/22,Debit Card,365 SOS AUTO AP TROY MI,,-2.51,
12/9/22,Debit Card,CHINA KING SPRINGFIELD MO,,-11,
12/9/22,Debit Card,JERSEY MIKES 25 SPRINGFIELD MO,,-12.26,
12/8/22,Debit Card,04500000830042 RAPID ROBERTS #1 REPUBLIC MO,,-15.07,
12/8/22,Debit Card,ST GEORGES DONU SPRINGFIELD MO,,-7.23,
12/7/22,Debit Card,TST* THE BIG SL SPRINGFIELD MO,,-35.67,
12/6/22,Debit Card,365 SOS AUTO AP TROY MI,,-1.99,
12/6/22,Debit Card,WIX.COM 1028598 +14154494724 CA,,-14.95,
12/5/22,Debit Card,00000000061861 MURPHY USA 7782 REPUBLIC MO,,-20,
12/5/22,Debit Card,CHINA KING SPRINGFIELD MO,,-40,
12/5/22,Debit Card,APPLE.COM/BILL 866-712-7753 CA,,-2.99,
12/5/22,Debit Card,APPLE.COM/BILL 866-712-7753 CA,,-9.99,
12/2/22,Debit Card,365 SOS AUTO AP TROY MI,,-1.88,
12/2/22,Debit Card,POPEYES 13947 REPUBLIC MO,,-10.84,
12/1/22,Debit Card,SQ *THE WHEELHO Springfield MO,,-18.92,
12/1/22,Debit Card,TACO BELL 03622 SPRINGFIELD MO,,-9.05,
11/30/22,Debit Card,00000000061861 MURPHY USA 7782 REPUBLIC MO,,-15.09,
11/30/22,Debit Card,TACO BELL 03622 SPRINGFIELD MO,,-9.05,
11/29/22,Debit Card,365 SOS AUTO AP TROY MI,,-3.87,
11/29/22,Debit Card,WIX.COM*1027550 800-6000949 NY,,-21.5,
11/28/22,Debit Card,00000000061861 MURPHY USA 7782 REPUBLIC MO,,-15.19,
11/28/22,Debit Card,PANERA BREAD #2 SPRINGFIELD MO,,-6,
11/28/22,Debit Card,GOOGLE *YouTube g.co/helppay# CA,,-11.99,
11/25/22,Debit Card,APPLE.COM/BILL 866-712-7753 CA,,-2.99,
11/23/22,Debit Card,CHINA KING SPRINGFIELD MO,,-41,
11/22/22,Debit Card,WM SUPERCENTER WM SUPERCENTER # REPUBLIC MO,,-22.29,
11/22/22,Debit Card,365 SOS AUTO AP TROY MI,,-2.51,
11/21/22,Debit Card,TST* THE BIG SL SPRINGFIELD MO,,-61.61,
11/21/22,Debit Card,APPLE.COM/BILL 866-712-7753 CA,,-9.99,
11/21/22,Debit Card,APPLE.COM/BILL 866-712-7753 CA,,-7.83,
11/18/22,Debit Card,365 SOS AUTO AP TROY MI,,-3.76,
11/18/22,Debit Card,STEAK N SHAKE 1 SPRINGFIELD MO,,-10.99,
11/18/22,Debit Card,K FRIED CHICKEN Springfield MO,,-20,
11/17/22,Debit Card,00000000061861 MURPHY USA 7782 REPUBLIC MO,,-15.28,
11/17/22,Debit Card,ST GEORGES DONU SPRINGFIELD MO,,-7.88,
11/17/22,Debit Card,TACO BELL 03622 SPRINGFIELD MO,,-9.05,
11/15/22,Debit Card,385300016218 KUM&GO 1476 SPRING SPRINGFIELD MO,,-15.26,
11/15/22,Debit Card,365 SOS AUTO AP TROY MI,,-3.76,
11/14/22,Debit Card,175000000267 LOWE'S #422 1850 E SPRINGFIELD MO,,-35,
11/14/22,Debit Card,00000000061861 MURPHY USA 7782 REPUBLIC MO,,-15.06,
11/14/22,Debit Card,00000000061861 MURPHY USA 7782 REPUBLIC MO,,-11.21,
11/14/22,Debit Card,365 SOS AUTO AP TROY MI,,-2.51,
11/14/22,Debit Card,365 SOS AUTO AP TROY MI,,-1.88,
11/14/22,Debit Card,ADOBE CREATIVE 4085366000 CA,,-29.99,
11/10/22,Debit Card,PP*GOOGLE GOOGL 4029357733 CA,,-1.99,
11/10/22,Debit Card,TACO BELL 03622 SPRINGFIELD MO,,-9.05,
11/9/22,Debit Card,00000000061861 MURPHY USA 7782 REPUBLIC MO,,-15.01,
11/8/22,Debit Card,365 SOS AUTO AP TROY MI,,-1.99,
11/7/22,Debit Card,00000000061861 MURPHY USA 7782 REPUBLIC MO,,-15.03,
11/7/22,Debit Card,TACO BELL 02791 ROLLA MO,,-9.09,
11/7/22,Debit Card,SQ *JOVICK BROS St Louis MO,,-15.74,
11/7/22,Debit Card,00000000061861 MURPHY USA 7782 REPUBLIC MO,,-39.6,
11/4/22,Debit Card,CHINA KING SPRINGFIELD MO,,-15,
11/4/22,Debit Card,365 SOS AUTO AP TROY MI,,-1.88,
11/4/22,Debit Card,UDEMY: ONLINE C +18888385432 CA,,-12.99,
11/4/22,Debit Card,APPLE.COM/BILL 866-712-7753 CA,,-9.99,
11/4/22,Debit Card,APPLE.COM/BILL 866-712-7753 CA,,-2.99,
10/31/22,Debit Card,SPOTIFY New York NY,,-9.99,
10/31/22,Debit Card,APPLE.COM/BILL 866-712-7753 CA,,-8.98,
10/31/22,Debit Card,WIX.COM 1022774 +14154494724 CA,,-21.5,
10/26/22,Debit Card,GOOGLE *YouTube g.co/helppay# CA,,-11.99,
10/25/22,Debit Card,365 SOS AUTO AP TROY MI,,-1.99,
10/25/22,Debit Card,APPLE.COM/BILL 866-712-7753 CA,,-2.99,
10/24/22,Debit Card,CASH APP*DAWN R gosq.com CA,,-80,
10/24/22,Debit Card,ST GEORGES DONU SPRINGFIELD MO,,-9.35,
10/21/22,Debit Card,365 SOS AUTO AP TROY MI,,-1.99,
10/19/22,Debit Card,UDEMY: ONLINE C +18888385432 CA,,-11.99,
10/18/22,Debit Card,365 SOS AUTO AP TROY MI,,-2.51,
10/17/22,Debit Card,4 BY 4 BREWING SPRINGFIELD MO,,-8.19,
10/14/22,Debit Card,365 SOS AUTO AP TROY MI,,-3.76,
10/12/22,Debit Card,SEOUL ORIENTAL Springfield MO,,-13.66,
10/11/22,Debit Card,365 SOS AUTO AP TROY MI,,-2.51,
10/11/22,Debit Card,00000000061861 MURPHY USA 7782 REPUBLIC MO,,-1.47,
10/11/22,Debit Card,00000000061861 MURPHY USA 7782 REPUBLIC MO,,-15,
10/11/22,Debit Card,WM SUPERCENTER WM SUPERCENTER # REPUBLIC MO,,-24.16,
10/11/22,Debit Card,00000000061861 MURPHY USA 7782 REPUBLIC MO,,-10.14,
10/11/22,Debit Card,ADOBE CREATIVE 4085366000 CA,,-29.99,
10/11/22,Debit Card,PP*GOOGLE GOOGL 4029357733 CA,,-1.99,
10/7/22,Debit Card,365 SOS AUTO AP TROY MI,,-4.5,
10/7/22,Debit Card,ST GEORGES DONU SPRINGFIELD MO,,-8.03,
10/7/22,Debit Card,TACO BELL 00227 SPRINGFIELD MO,,-9.05,
10/5/22,Debit Card,00000000061861 MURPHY USA 7782 REPUBLIC MO,,-15.03,
10/5/22,Debit Card,ST GEORGES DONU SPRINGFIELD MO,,-10.74,
10/5/22,Debit Card,RAISING CANE'S SPRINGFIELD MO,,-12.26,
10/5/22,Debit Card,WESTLAKE HARDWA SPRINGFIELD MO,,-10.8,
10/4/22,Debit Card,365 SOS AUTO AP TROY MI,,-1.88,
10/4/22,Debit Card,APPLE.COM/BILL 866-712-7753 CA,,-2.99,
10/4/22,Debit Card,APPLE.COM/BILL 866-712-7753 CA,,-9.99,
9/30/22,Debit Card,365 SOS AUTO AP TROY MI,,-1.88,
9/30/22,Debit Card,KUM&GO 0488 SPR SPRINGFIELD MO,,-10.09,
9/30/22,Debit Card,SPOTIFY NEW YORK NY,,-9.99,
9/30/22,Debit Card,APPLE.COM/BILL 866-712-7753 CA,,-7.99,
9/30/22,Debit Card,WESTLAKE HARDWA SPRINGFIELD MO,,-2.71,
9/29/22,Debit Card,WIX.COM 1017963 +14154494724 CA,,-21.5,
9/28/22,Debit Card,260218335883 CANTON INN SPRINGFIELD MO,,-9.95,
9/28/22,Debit Card,CASEYS #3871 CASEYS #3871 SPRINGFIELD MO,,-10.11,
9/28/22,Debit Card,CASEYS #3871 CASEYS #3871 SPRINGFIELD MO,,-2.92,
9/26/22,Debit Card,GOOGLE *YouTube g.co/helppay# CA,,-11.99,
9/26/22,Debit Card,APPLE.COM/BILL 866-712-7753 CA,,-2.99,
9/23/22,Debit Card,365 SOS AUTO AP TROY MI,,-1.88,
9/23/22,Debit Card,TACO BELL 03636 SPRINGFIELD MO,,-6.06,
9/22/22,Debit Card,00000000061861 MURPHY USA 7782 REPUBLIC MO,,-10.27,
9/20/22,Debit Card,SQ *OZARK SAW & Nixa MO,,-140.58,
9/16/22,Debit Card,365 SOS AUTO AP TROY MI,,-1.88,
9/16/22,Debit Card,UDEMY: ONLINE C +18888385432 CA,,-11.99,
9/15/22,Debit Card,00000000061861 MURPHY USA 7782 REPUBLIC MO,,-15.01,
9/14/22,Debit Card,APPLE.COM/BILL 866-712-7753 CA,,-1.99,
9/14/22,Debit Card,ST GEORGES DONU SPRINGFIELD MO,,-9.3,
9/12/22,Debit Card,ADOBE CREATIVE 4085366000 CA,,-29.99,
9/12/22,Debit Card,PP*GOOGLE GOOGL 4029357733 CA,,-1.99,
9/9/22,Debit Card,175000000267 LOWE'S #422 1850 E SPRINGFIELD MO,,-16.67,
9/9/22,Debit Card,ST GEORGES DONU SPRINGFIELD MO,,-4.92,
9/8/22,Debit Card,04500000830133 RAPID ROBERTS #1 SPRINGFIELD MO,,-15.03,
9/6/22,Debit Card,APPLE.COM/BILL www.apple.com CA,,-9.99,
9/6/22,Debit Card,APPLE.COM/BILL 866-712-7753 CA,,-2.99,
9/1/22,Debit Card,CARL'S JR #727 BIG CABIN OK,,-3.8,
9/1/22,Debit Card,LOVE'S #727 BIG CABIN OK,,-4.99,
9/1/22,Debit Card,TACO BELL 03636 SPRINGFIELD MO,,-5,
,,,,,
Aug. 25,,2-7753 CA,APPLE.COM/BILL 866-71,10.98,
Aug. 25,CheckPlus,61861,MURPHY USA 7782 REPUBLIC MO 08/25,15.07,
Aug. 26,,2-7753 CA,APPLE.COM/BILL 866-7,2.99,
Aug. 29,,494724 CA,WIX.COM 1013105 +141 54,21.5,
Aug. 30,CheckPlus,KUM&GO 0468 SPR,SPRINGFIELD MO 08/29,10.15,
,,,,,
Aug. 16,CheckPlus,61861,MURPHY USA 7782 REPUBLIC MO 08/16,10.16,
Aug. 18,CheckPlus,PIRATE SHIP PO,JACKSON WY 08/17,7.07,
Aug. 19,CheckPlus,TACO BELL 01819,REPUBLIC MO 08/17,9.03,
Aug. 19,CheckPlus,CASEYS #3871,CASEYS #3871 SPRINGFIELD MO 08/18,4.92,
Aug. 19,CheckPlus,CASEYS #3871,CASEYS #3871 SPRINGFIELD MO 08/18,10.05,
Aug. 22,CheckPlus,RAISING CANE'S,SPRINGFIELD MO 08/18,9.72,
Aug. 22,CheckPlus,TAQUERIA ARANDA,QUINCY IL 08/20,26.85,
Aug. 22,CheckPlus,34044,SHELL SERVICE S QUINCY IL 08/20,10.05,
Aug. 22,CheckPlus,29802322,HY-VEE F& HY VEE G QUINCY IL 08/20,21.94,
,,,,,
Aug. 01,,2-7753 CA,APPLE.COM/BILL 866-71,7.99,
Aug. 03,CheckPlus,SQ *HURTS DONUT,Springfield MO 08/02,8.59,
Aug. 03,CheckPlus,61861,MURPHY USA 7782 REPUBLIC MO 08/03,5.1,
Aug. 04,,2-7753 CA,APPLE.COM/BILL 866- 71,2.99,
Aug. 05,CheckPlus,SAMS CLUB #498,SAMS CLUB #4985 SPRINGFIELD MO 08/04,4.15,
Aug. 08,CheckPlus,TACO BELL 03622,SPRINGFIELD MO 08/05,8.94,
Aug. 08,CheckPlus,CHINA KING,SPRINGFIELD MO 08/06,15.05,
Aug. 08,CheckPlus,61861,MURPHY USA 7782 REPUBLIC MO 08/06,10.02,
Aug. 08,CheckPlus,175000001267,LOWE'S #2314 1225 REPUBLIC MO 08/06,19.62,
Aug. 09,,2-7753 CA,APPLE.COM/BILL 866- 71,23.99,
Aug. 09,CheckPlus,PIRATE SHIP PO,JACKSON WY 08/08,37.91,
Aug. 09,CheckPlus,PIRATE SHIP PO,JACKSON WY 08/08,69.89,
Aug. 10,CheckPlus,PANERA BREAD #2,SPRINGFIELD MO 08/09,4.1,
Aug. 11,,6000 CA,ADOBE CREATIVE 4085 36,29.99,
Aug. 12,CheckPlus,ANDY'S FROZEN C,SPRINGFIELD MO 08/11,7.16,
Aug. 15,CheckPlus,JERSEY MIKES 25,SPRINGFIELD MO 08/13,22.7,
,,,,,
,,,,,
July 19,CheckPlus,PIRATE SHIP PO,JACKSON WY 07/18,3.88,
July 19,CheckPlus,PIRATE SHIP PO,JACKSON WY 07/18,15.31,
July 22,CheckPlus,4500000830042,RAPID ROBERTS #1 REPUBLIC MO 07/22,5.16,
July 22,CheckPlus,SAMS CLUB #498,SAMS CLUB #4985 SPRINGFIELD MO 07/22,20,
July 22,CheckPlus,28454256,MNRD-SPRN 3803 W U SPRINGFIELD MO 07/22,67.39,
July 25,,2-7753 CA,APPLE.COM/BILL 866- 71,2.99,
July 25,CheckPlus,ANDY'S FROZEN C,REPUBLIC MO 07/24,2.91,
July 25,CheckPlus,SQ *OZARK SAW &,Nixa MO 07/22,31.79,
July 25,CheckPlus,SEOUL ORIENTAL,Springfield MO 07/23,38.56,
July 25,CheckPlus,175000001267,LOWE'S #2314 1225 REPUBLIC MO 07/24,21.67,
July 29,,494724 CA,WIX.COM 1008249 +141,,
June 30,CheckPlus,175000001267,LOWE'S #2314 1225 REPUBLIC MO 06/30,44.3,
July 01,CheckPlus,Blooms sgf,Springfield MO 06/30,3.78,
July 01,CheckPlus,WM SUPERCENTER,WM SUPERCENTER # REPUBLIC MO 06/30,6.94,
July 05,,2-7753 CA,APPLE.COM/BILL 866- 71,2.99,
July 05,CheckPlus,Blooms sgf,Springfield MO 07/02,10.49,
July 05,CheckPlus,TST* THE BIG SL,SPRINGFIELD MO 07/02,14.08,
July 05,CheckPlus,175000001267,LOWE'S #2314 1225 REPUBLIC MO 07/05,7,
July 07,CheckPlus,UDEMY: ONLINE C,+18888385432 CA 07/06,9.99,
July 11,,6000 CA,ADOBE CREATIVE 4085 36,29.99,
July 11,CheckPlus,AMC 0736 SPRING,SPRINGFIELD MO 07/07,17.71,
July 11,CheckPlus,61861,MURPHY USA 7782 REPUBLIC MO 07/11,10.01,
July 12,CheckPlus,SQ *OZARK SAW &,Nixa MO 07/11,119.75,
July 14,CheckPlus,POPEYES 13947,REPUBLIC MO 07/13,12.24,
July 15,CheckPlus,ST GEORGES DONU,SPRINGFIELD MO 07/14,10.54,
July 15,CheckPlus,WENDY'S 0036,WENDY'S 0036 REPUBLIC MO 07/14,4.57,
July 15,CheckPlus,385300015366,KUM&GO 1479 SPRING SPRINGFIELD MO 07/15,10.03,
July 18,CheckPlus,WM SUPERCENTER,WM SUPERCENTER # REPUBLIC MO 07/16,11.67,
July 18,CheckPlus,WM SUPERCENTER,WM SUPERCENTER # REPUBLIC MO 07/18,60.83,
,,,,,
June 21,CheckPlus,Blooms sgf,Springfield MO 06/18,10,
June 21,CheckPlus,SEOUL ORIENTAL,Springfield MO 06/18,36.26,
June 24,CheckPlus,61861,MURPHY USA 7782 REPUBLIC MO 06/24,10.01,
June 24,CheckPlus,WM SUPERCENTER,WM SUPERCENTER # REPUBLIC MO 06/24,15.64,
June 27,,2-7753 CA,APPLE.COM/BILL 866- 71,2.99,
June 27,CheckPlus,CHINA KING,SPRINGFIELD MO 06/25,30,
June 29,,ANCISCO CA,WIX.COM SAN FR,21.5,
June 30,,2-7753 CA,APPLE.COM/BILL 866- 71,7.99,
,,,,,
,,,,,
discover char,,,,,
,,,,,
c1_qs,,,,,
December15,16-Dec,KRYSTAL AND SAAGARHTTPSTWITTER.DO,$10.00,,
December22,23-Dec,WWW.F1.COMINTERNET,$9.99,,
December26,27-Dec,PHILLIPS 66 - FAST N FRIESPRINGFIELDMO,$2.09,,
December28,29-Dec,WM SUPERCENTER #1009REPUBLICMO,$15.74,,
December30,3-Jan,TACO BELL 036366SPRINGFIELDMO,$10.61,,
December 30,3-Jan,MENARDS 3355SPRINGFIELDMO,$3.76,,
January 01,3-Jan,Etsy Inc Seller Fees718-8557955NY,$0.20,,
January 02,4-Jan,MENARDS 3355SPRINGFIELDMO,$52.96,,
January 02,4-Jan,JERSEY MIKES 25010SPRINGFIELDMO,$7.11,,
January 03,4-Jan,CHRISTIAN AUDIO LLC760-745-2411CA,$14.95,,
January 04,5-Jan,MURPHY USA 7782REPUBLICMO,$20.08,,
,,,,,
,,,,,
,,,,,
Chase,,,,,
Transaction Date,Post Date,Description,Category,Type,Amount
December26,12/27/22,Amazon.com*UL5040S43,Shopping,Sale,-41.67
December21,12/22/22,VZWRLSS*APOCC VISW,Bills & Utilities,Sale,-135.04
December20,12/21/22,FIRST WATCH - SUNSHINE,Food & Drink,Sale,-48.73
December19,12/21/22,MENARDS 3355,Home,Sale,-82.41
December19,12/20/22,Amazon.com*VV4RJ1333,Shopping,Sale,-27.12
December19,12/19/22,Amazon.com*S66W837I3,Shopping,Sale,-15.31
December19,12/19/22,Amazon.com*HV50G1UE3,Shopping,Sale,-15.58
Dec. 17,12/19/22,Ya Ya's Eurobistro - Ches,Food & Drink,Sale,-73.43
Dec. 19,12/19/22,CONCENTRATES INC.,Home,Sale,-104
Dec. 18,12/19/22,Amazon.com*T94I942C3,Shopping,Sale,-18.09
Dec. 17,12/18/22,PHILLIPS 66 - 30 FASTL,Gas,Sale,-20.03
Dec. 16,12/16/22,PURCHASE INTEREST CHARGE,Fees & Adjustments,Fee,-75.55
Dec. 15,12/16/22,Amazon.com*UY2CW8LF3,Shopping,Sale,-8.81
Dec. 15,12/16/22,Amazon.com*HN0FH1XD3,Shopping,Sale,-14.41
December15,12/16/22,Amazon.com*W69WQ59G3,Shopping,Sale,-50.02
December14,12/15/22,Amazon.com*E167C5EZ3,Shopping,Sale,-18.54
December13,12/14/22,Amazon.com*D73HC5C43,Shopping,Sale,-58.19
December10,12/11/22,Prime Video *NO3UP51H3,Shopping,Sale,-9.99
December02,12/4/22,Amazon.com*XJ3RV2WZ3,Shopping,Sale,-9.15
November29,11/30/22,Amazon.com*S34HF24M3,Shopping,Sale,-312.66
November25,11/27/22,Amazon.com*HW6IK12B0,Shopping,Sale,-26
November21,11/22/22,VZWRLSS*APOCC VISW,Bills & Utilities,Sale,-160.41
November20,11/21/22,Amazon.com*HW5I31CC0,Shopping,Sale,-8.81
November20,11/21/22,Amazon.com*HI5UQ0PZ2,Shopping,Sale,-14.41
November20,11/21/22,Amazon.com*HI62Y67L1,Shopping,Sale,-15.62
November20,11/21/22,Amazon.com*HI6G22PH2,Shopping,Sale,-27.63
Nov. 15,11/17/22,MENARDS 3355,Home,Sale,-134.74
Nov. 16,11/16/22,PURCHASE INTEREST CHARGE,Fees & Adjustments,Fee,-65.49
Nov. 10,11/13/22,KUM&amp;GO 1476 SPRINGFIEL,Gas,Sale,-40.25
Nov. 13,11/13/22,Prime Video *HB19628C1,Shopping,Sale,-9.99
Nov. 6,11/7/22,Amazon.com*H293J1BC1,Shopping,Sale,-16.88
Nov. 3,11/4/22,SONIC #4163,Food & Drink,Sale,-5.22
Oct. 27,10/28/22,O'REILLY AUTO PARTS 4042,Automotive,Sale,-107.38
Oct. 25,10/26/22,SPRING VALLEY VETERINARY,Personal,Sale,-430
Oct. 21,10/23/22,VZWRLSS*APOCC VISW,Bills & Utilities,Sale,-160.41
Oct. 23,10/23/22,Amazon.com*HT1K18YO2,Shopping,Sale,-20.81
Oct. 19,10/20/22,Amazon.com*H87FO7AO0,Shopping,Sale,-8.81
Oct. 19,10/20/22,Amazon.com*H81PS6FF1,Shopping,Sale,-15.62
Oct. 19,10/20/22,Amazon.com*H85D44AT0,Shopping,Sale,-19.79
Oct. 19,10/20/22,Amazon.com*H85CX4AS0,Shopping,Sale,-14.35
Oct. 18,10/19/22,O'REILLY AUTO PARTS 4042,Automotive,Sale,-237.41
Oct. 16,10/16/22,PURCHASE INTEREST CHARGE,Fees & Adjustments,Fee,-48.44
Oct. 10,10/11/22,MO DMV,Bills & Utilities,Sale,-55.84
Sep. 28,9/29/22,Trashbilling.com CC,Bills & Utilities,Sale,-53.27
Sep. 21,9/22/22,VZWRLSS*APOCC VISW,Bills & Utilities,Sale,-160.75
Sep. 19,9/20/22,Amazon.com*1M95G5P72,Shopping,Sale,-8.88
Sep. 19,9/20/22,Amazon.com*1M8MV8IP1,Shopping,Sale,-15.62
Sep. 19,9/20/22,Amazon.com*1M92X16W0,Shopping,Sale,-14.45
Sep. 19,9/20/22,Amazon.com*1M35N8P52,Shopping,Sale,-31.18
Sep. 16,9/16/22,PURCHASE INTEREST CHARGE,Fees & Adjustments,Fee,-37.02
Sep. 04,9/6/22,EIRINN CAIFE DENTON TX,Food & Drink,Sale,-9.01
Sep. 03,9/5/22,EIRINN CAIFE DENTON TX,Food & Drink,Sale,-7.93
Sep. 03,9/5/22,IN N OUT BURGER 322,Food & Drink,Sale,-11.37
Sep. 02,9/5/22,EIRINN CAIFE DENTON TX,Food & Drink,Sale,-6.36
Sep. 03,9/5/22,IN N OUT BURGER 322,Food & Drink,Sale,-8.55
Sep. 01,9/4/22,RACETRAC528 00005280,Gas,Sale,-10.04
Sep. 01,9/4/22,EIRINN CAIFE DENTON TX,Food & Drink,Sale,-4.65
Sep. 2,9/4/22,RAISING CANE'S #174,Food & Drink,Sale,-24.85
Sep. 3,9/4/22,CHIPOTLE 2625,Food & Drink,Sale,-30.42
Sep. 1,9/4/22,IN N OUT BURGER 322,Food & Drink,Sale,-23.44
Sep. 1,9/2/22,ZTL*SOUTHPAW CRAFTS,Shopping,Sale,-28.69
Aug. 31,9/2/22,CARL'S JR #727,Food & Drink,Sale,-7.95
Aug. 31,9/2/22,CN TRAVEL PLAZA- STRINGT,Gas,Sale,-5.22
Aug. 31,9/1/22,REAPERMINI.COM REAPERC,Shopping,Sale,-54.13
Aug. 31,9/1/22,LOVE'S #727,Gas,Sale,-8.91
Aug. 26,8/26/22,Amazon.com*PX4LA2913,Shopping,Sale,-10.13
Aug. 24,8/25/22,Amazon.com*777KI6RO3,Shopping,Sale,-6.23
Aug. 21,8/22/22,VZWRLSS*APOCC VISW,Bills & Utilities,Sale,-178.07
Aug. 19,8/21/22,Amazon.com*QL6TD9953,Shopping,Sale,-15.58
Aug. 19,8/21/22,Amazon.com*6N66S2QE3,Shopping,Sale,-15.62
Aug. 19,8/21/22,Amazon.com*5L1EX0FE3,Shopping,Sale,-8.88
Aug. 19,8/21/22,Amazon.com*KZ95W70L3,Shopping,Sale,-14.45
Aug. 16,8/16/22,PURCHASE INTEREST CHARGE,Fees & Adjustments,Fee,-27.46
Aug. 3,8/3/22,Amazon.com*3N6579PO3,Shopping,Sale,-15.62
Jul. 30,7/31/22,Amazon.com*Z748U48Y3,Shopping,Sale,-10.4
Jul. 21,7/22/22,VZWRLSS*APOCC VISW,Bills & Utilities,Sale,-165.89
Jul. 21,7/22/22,Amazon.com*W80XP1763,Shopping,Sale,-13.33
Jul. 19,7/20/22,Amazon.com*XE7GP3WV3,Shopping,Sale,-26.57
Jul. 19,7/20/22,Amazon.com*480BV9SN3,Shopping,Sale,-14.1
Jul. 19,7/20/22,Amazon.com*EK3LE00T3,Shopping,Sale,-16.49
Jul. 19,7/20/22,Amazon.com*R80361S83,Shopping,Sale,-8.41
Jul. 19,7/20/22,Amazon.com*R094B5MT3,Shopping,Sale,-13.68
Jul. 15,7/15/22,PURCHASE INTEREST CHARGE,Fees & Adjustments,Fee,-21.48
Jun. 29,6/30/22,Amazon.com*PV12C7IC3,Shopping,Sale,-65.19
Jun. 21,6/22/22,VZWRLSS*APOCC VISW,Bills & Utilities,Sale,-160.37
Jun. 20,6/20/22,Amazon.com*8Q2KF4XA3,Shopping,Sale,-15.62
Jun. 20,6/20/22,Amazon.com*KE8N25WA3,Shopping,Sale,-13.37
Jun. 20,6/20/22,Amazon.com*IX7PA1AO3,Shopping,Sale,-8.88
Jun. 16,6/16/22,PURCHASE INTEREST CHARGE,Fees & Adjustments,Fee,-22.12
Jun. 14,6/15/22,Amazon.com*H97EE5RT3,Shopping,Sale,-15.32
Jun. 01,6/2/22,Amazon.com*1X5PS0P62,Shopping,Sale,-17.59
May. 21,5/22/22,VZWRLSS*APOCC VISW,Bills & Utilities,Sale,-160.37
May. 19,5/20/22,Amazon.com*1L9RB6KI2,Shopping,Sale,-15.62
May. 19,5/20/22,Amazon.com*1L0OT32F2,Shopping,Sale,-8.88
May. 19,5/20/22,Amazon.com*1L5830670,Shopping,Sale,-0.56
May. 19,5/20/22,Amazon.com*1R7BE4UJ1,Shopping,Sale,-13.37
May. 16,5/16/22,PURCHASE INTEREST CHARGE,Fees & Adjustments,Fee,-22.87
Apr. 29,4/29/22,Amazon.com*1Q9896452,Shopping,Sale,-23.96
Apr. 21,4/22/22,VZWRLSS*APOCC VISW,Bills & Utilities,Sale,-160.37
Apr. 18,4/19/22,Amazon.com*1A91O9UF0,Shopping,Sale,-12.67
Apr. 18,4/19/22,Amazon.com*1A97T1UL0,Shopping,Sale,-8.3
Apr. 18,4/19/22,Amazon.com*1A9BV4SK2,Shopping,Sale,-15.33
Apr. 18,4/19/22,Amazon.com*1A9NG5UO0,Shopping,Sale,-13.95
Apr. 18,4/19/22,Amazon.com*1A1NX4UA0,Shopping,Sale,-12.86
Apr. 18,4/19/22,Amazon.com*1A49F76B2,Shopping,Sale,-109.09
Apr. 16,4/17/22,Amazon.com*1A31P7G12,Shopping,Sale,-11.45
Apr. 15,4/15/22,PURCHASE INTEREST CHARGE,Fees & Adjustments,Fee,-37.1
Mar. 21,3/22/22,VZWRLSS*APOCC VISW,Bills & Utilities,Sale,-160.45
Mar. 20,3/20/22,Amazon.com*1Z9OA1WV2,Shopping,Sale,-13.37
Mar. 20,3/20/22,Amazon.com*1Z3O40WW2,Shopping,Sale,-12.97
Mar. 16,3/16/22,PURCHASE INTEREST CHARGE,Fees & Adjustments,Fee,-27.1
Mar. 15,3/16/22,Amazon.com*1N0WY7ZW1,Shopping,Sale,-6.48
Mar. 15,3/16/22,Amazon.com*1Z3717KZ0,Shopping,Sale,-19.26
Mar. 2,3/3/22,SALTY UNDERGROUND,Shopping,Sale,-112.41
,,,,,
Anthony Checking,,,,,
Date,Type,Description,Check #,Amount,
Dec. 30,Debit Card,SPOTIFY NEW YORK NY,,-9.99,
Dec. 30,Debit Card,APPLE.COM/BILL 866-712-7753 CA,,-10.99,
Dec. 29,Debit Card,CHINA KING SPRINGFIELD MO,,-40,
Dec. 28,Debit Card,JERSEY MIKES 25 SPRINGFIELD MO,,-9.67,
Dec. 27,Debit Card,WM SUPERCENTER WM SUPERCENTER # REPUBLIC MO,,-32.63,
Dec. 27,Debit Card,175000000267 LOWE'S #422 1850 E SPRINGFIELD MO,,-18.87,
Dec. 27,Debit Card,STARBUCKS STORE SPRINGFIELD MO,,-5.57,
Dec. 27,Debit Card,00000000061861 MURPHY USA 7782 REPUBLIC MO,,-20.19,
12/27/22,Debit Card,GOOGLE *YouTube g.co/helppay# CA,,-11.99,
12/27/22,Debit Card,00000000067815 PRICE CUTTER #52 SPRINGFIELD MO,,-7,
12/27/22,Debit Card,APPLE.COM/BILL 866-712-7753 CA,,-2.99,
12/23/22,Debit Card,ST GEORGES DONU SPRINGFIELD MO,,-10.15,
12/23/22,Debit Card,TACO BELL 03622 SPRINGFIELD MO,,-9.05,
12/22/22,Debit Card,PANERA BREAD #2 SPRINGFIELD MO,,-9.27,
12/19/22,Debit Card,00000000061861 MURPHY USA 7782 REPUBLIC MO,,-20,
12/19/22,Debit Card,04500000318253 30 FASTLANE SAINT CLAIR MO,,-12.63,
12/19/22,Debit Card,LOVE'S #341 ROLLA MO,,-3.65,
12/19/22,Debit Card,JERSEY MIKES 25 SPRINGFIELD MO,,-19.83,
12/16/22,Debit Card,TACO BELL 03622 SPRINGFIELD MO,,-9.05,
12/15/22,Debit Card,THAI EXPRESS SPRINGFIELD MO,,-48,
12/14/22,Debit Card,385300016218 KUM&GO 1476 SPRING SPRINGFIELD MO,,-15.01,
12/14/22,Debit Card,APPLE.COM/BILL 866-712-7753 CA,,-45.98,
12/13/22,Debit Card,00000000061861 MURPHY USA 7782 REPUBLIC MO,,-15,
12/13/22,Debit Card,365 SOS AUTO AP TROY MI,,-3.87,
12/12/22,Debit Card,365 SOS AUTO AP TROY MI,,-1.99,
12/12/22,Debit Card,APPLE.COM/BILL www.apple.com CA,,-15.98,
12/12/22,Debit Card,PP*BREWCREWLLC SPRINGFIELD MO,,-6.95,
12/12/22,Debit Card,ADOBE CREATIVE 4085366000 CA,,-29.99,
12/12/22,Debit Card,JERSEY MIKES 25 SPRINGFIELD MO,,-16.25,
12/12/22,Debit Card,PP*GOOGLE GOOGL 4029357733 CA,,-1.99,
12/9/22,Debit Card,365 SOS AUTO AP TROY MI,,-1.88,
12/9/22,Debit Card,365 SOS AUTO AP TROY MI,,-2.51,
12/9/22,Debit Card,CHINA KING SPRINGFIELD MO,,-11,
12/9/22,Debit Card,JERSEY MIKES 25 SPRINGFIELD MO,,-12.26,
12/8/22,Debit Card,04500000830042 RAPID ROBERTS #1 REPUBLIC MO,,-15.07,
12/8/22,Debit Card,ST GEORGES DONU SPRINGFIELD MO,,-7.23,
12/7/22,Debit Card,TST* THE BIG SL SPRINGFIELD MO,,-35.67,
12/6/22,Debit Card,365 SOS AUTO AP TROY MI,,-1.99,
12/6/22,Debit Card,WIX.COM 1028598 +14154494724 CA,,-14.95,
12/5/22,Debit Card,00000000061861 MURPHY USA 7782 REPUBLIC MO,,-20,
12/5/22,Debit Card,CHINA KING SPRINGFIELD MO,,-40,
12/5/22,Debit Card,APPLE.COM/BILL 866-712-7753 CA,,-2.99,
12/5/22,Debit Card,APPLE.COM/BILL 866-712-7753 CA,,-9.99,
12/2/22,Debit Card,365 SOS AUTO AP TROY MI,,-1.88,
12/2/22,Debit Card,POPEYES 13947 REPUBLIC MO,,-10.84,
12/1/22,Debit Card,SQ *THE WHEELHO Springfield MO,,-18.92,
12/1/22,Debit Card,TACO BELL 03622 SPRINGFIELD MO,,-9.05,
11/30/22,Debit Card,00000000061861 MURPHY USA 7782 REPUBLIC MO,,-15.09,
11/30/22,Debit Card,SPOTIFY NEW YORK NY,,-9.99,
11/30/22,Debit Card,TACO BELL 03622 SPRINGFIELD MO,,-9.05,
11/29/22,Debit Card,365 SOS AUTO AP TROY MI,,-3.87,
11/29/22,Debit Card,WIX.COM*1027550 800-6000949 NY,,-21.5,
11/28/22,Debit Card,00000000061861 MURPHY USA 7782 REPUBLIC MO,,-15.19,
11/28/22,Debit Card,PANERA BREAD #2 SPRINGFIELD MO,,-6,
11/28/22,Debit Card,GOOGLE *YouTube g.co/helppay# CA,,-11.99,
11/25/22,Debit Card,APPLE.COM/BILL 866-712-7753 CA,,-2.99,
11/23/22,Debit Card,CHINA KING SPRINGFIELD MO,,-41,
11/22/22,Debit Card,WM SUPERCENTER WM SUPERCENTER # REPUBLIC MO,,-22.29,
11/22/22,Debit Card,365 SOS AUTO AP TROY MI,,-2.51,
11/21/22,Debit Card,TST* THE BIG SL SPRINGFIELD MO,,-61.61,
11/21/22,Debit Card,APPLE.COM/BILL 866-712-7753 CA,,-9.99,
11/21/22,Debit Card,APPLE.COM/BILL 866-712-7753 CA,,-7.83,
11/18/22,Debit Card,365 SOS AUTO AP TROY MI,,-3.76,
11/18/22,Debit Card,STEAK N SHAKE 1 SPRINGFIELD MO,,-10.99,
11/18/22,Debit Card,K FRIED CHICKEN Springfield MO,,-20,
11/17/22,Debit Card,00000000061861 MURPHY USA 7782 REPUBLIC MO,,-15.28,
11/17/22,Debit Card,ST GEORGES DONU SPRINGFIELD MO,,-7.88,
11/17/22,Debit Card,TACO BELL 03622 SPRINGFIELD MO,,-9.05,
11/15/22,Debit Card,385300016218 KUM&GO 1476 SPRING SPRINGFIELD MO,,-15.26,
11/15/22,Debit Card,365 SOS AUTO AP TROY MI,,-3.76,
11/14/22,Debit Card,175000000267 LOWE'S #422 1850 E SPRINGFIELD MO,,-35,
11/14/22,Debit Card,00000000061861 MURPHY USA 7782 REPUBLIC MO,,-15.06,
11/14/22,Debit Card,00000000061861 MURPHY USA 7782 REPUBLIC MO,,-11.21,
11/14/22,Debit Card,365 SOS AUTO AP TROY MI,,-2.51,
11/14/22,Debit Card,365 SOS AUTO AP TROY MI,,-1.88,
11/14/22,Debit Card,ADOBE CREATIVE 4085366000 CA,,-29.99,
11/10/22,Debit Card,PP*GOOGLE GOOGL 4029357733 CA,,-1.99,
11/10/22,Debit Card,TACO BELL 03622 SPRINGFIELD MO,,-9.05,
11/9/22,Debit Card,00000000061861 MURPHY USA 7782 REPUBLIC MO,,-15.01,
11/8/22,Debit Card,365 SOS AUTO AP TROY MI,,-1.99,
11/7/22,Debit Card,00000000061861 MURPHY USA 7782 REPUBLIC MO,,-15.03,
11/7/22,Debit Card,TACO BELL 02791 ROLLA MO,,-9.09,
11/7/22,Debit Card,SQ *JOVICK BROS St Louis MO,,-15.74,
11/7/22,Debit Card,00000000061861 MURPHY USA 7782 REPUBLIC MO,,-39.6,
11/4/22,Debit Card,CHINA KING SPRINGFIELD MO,,-15,
11/4/22,Debit Card,365 SOS AUTO AP TROY MI,,-1.88,
11/4/22,Debit Card,UDEMY: ONLINE C +18888385432 CA,,-12.99,
11/4/22,Debit Card,APPLE.COM/BILL 866-712-7753 CA,,-9.99,
11/4/22,Debit Card,APPLE.COM/BILL 866-712-7753 CA,,-2.99,
10/31/22,Debit Card,SPOTIFY New York NY,,-9.99,
10/31/22,Debit Card,APPLE.COM/BILL 866-712-7753 CA,,-8.98,
10/31/22,Debit Card,WIX.COM 1022774 +14154494724 CA,,-21.5,
10/26/22,Debit Card,GOOGLE *YouTube g.co/helppay# CA,,-11.99,
10/25/22,Debit Card,365 SOS AUTO AP TROY MI,,-1.99,
10/25/22,Debit Card,APPLE.COM/BILL 866-712-7753 CA,,-2.99,
10/24/22,Debit Card,CASH APP*DAWN R gosq.com CA,,-80,
10/24/22,Debit Card,ST GEORGES DONU SPRINGFIELD MO,,-9.35,
10/21/22,Debit Card,365 SOS AUTO AP TROY MI,,-1.99,
10/19/22,Debit Card,UDEMY: ONLINE C +18888385432 CA,,-11.99,
10/18/22,Debit Card,365 SOS AUTO AP TROY MI,,-2.51,
10/17/22,Debit Card,4 BY 4 BREWING SPRINGFIELD MO,,-8.19,
10/14/22,Debit Card,365 SOS AUTO AP TROY MI,,-3.76,
10/14/22,ACH,Twitch InteractiEDI PYMNTS,,96.52,
10/12/22,Debit Card,SEOUL ORIENTAL Springfield MO,,-13.66,
10/11/22,Debit Card,365 SOS AUTO AP TROY MI,,-2.51,
10/11/22,Debit Card,00000000061861 MURPHY USA 7782 REPUBLIC MO,,-1.47,
10/11/22,Debit Card,00000000061861 MURPHY USA 7782 REPUBLIC MO,,-15,
10/11/22,Debit Card,WM SUPERCENTER WM SUPERCENTER # REPUBLIC MO,,-24.16,
10/11/22,Debit Card,00000000061861 MURPHY USA 7782 REPUBLIC MO,,-10.14,
10/11/22,Debit Card,ADOBE CREATIVE 4085366000 CA,,-29.99,
10/11/22,Debit Card,PP*GOOGLE GOOGL 4029357733 CA,,-1.99,
10/7/22,Debit Card,365 SOS AUTO AP TROY MI,,-4.5,
10/7/22,Debit Card,ST GEORGES DONU SPRINGFIELD MO,,-8.03,
10/7/22,Debit Card,TACO BELL 00227 SPRINGFIELD MO,,-9.05,
10/5/22,Debit Card,00000000061861 MURPHY USA 7782 REPUBLIC MO,,-15.03,
10/5/22,Debit Card,ST GEORGES DONU SPRINGFIELD MO,,-10.74,
10/5/22,Debit Card,RAISING CANE'S SPRINGFIELD MO,,-12.26,
10/5/22,Debit Card,WESTLAKE HARDWA SPRINGFIELD MO,,-10.8,
10/4/22,Debit Card,365 SOS AUTO AP TROY MI,,-1.88,
10/4/22,Debit Card,APPLE.COM/BILL 866-712-7753 CA,,-2.99,
10/4/22,Debit Card,APPLE.COM/BILL 866-712-7753 CA,,-9.99,
9/30/22,Debit Card,365 SOS AUTO AP TROY MI,,-1.88,
9/30/22,Debit Card,KUM&GO 0488 SPR SPRINGFIELD MO,,-10.09,
9/30/22,Debit Card,SPOTIFY NEW YORK NY,,-9.99,
9/30/22,Debit Card,APPLE.COM/BILL 866-712-7753 CA,,-7.99,
9/30/22,Debit Card,WESTLAKE HARDWA SPRINGFIELD MO,,-2.71,
9/29/22,Debit Card,WIX.COM 1017963 +14154494724 CA,,-21.5,
9/28/22,Debit Card,260218335883 CANTON INN SPRINGFIELD MO,,-9.95,
9/28/22,Debit Card,CASEYS #3871 CASEYS #3871 SPRINGFIELD MO,,-10.11,
9/28/22,Debit Card,CASEYS #3871 CASEYS #3871 SPRINGFIELD MO,,-2.92,
9/26/22,Debit Card,GOOGLE *YouTube g.co/helppay# CA,,-11.99,
9/26/22,Debit Card,APPLE.COM/BILL 866-712-7753 CA,,-2.99,
9/23/22,Debit Card,365 SOS AUTO AP TROY MI,,-1.88,
9/23/22,Debit Card,TACO BELL 03636 SPRINGFIELD MO,,-6.06,
9/22/22,Debit Card,00000000061861 MURPHY USA 7782 REPUBLIC MO,,-10.27,
9/20/22,Debit Card,SQ *OZARK SAW & Nixa MO,,-140.58,
9/16/22,Debit Card,365 SOS AUTO AP TROY MI,,-1.88,
9/16/22,Debit Card,UDEMY: ONLINE C +18888385432 CA,,-11.99,
9/15/22,Debit Card,00000000061861 MURPHY USA 7782 REPUBLIC MO,,-15.01,
9/14/22,Debit Card,APPLE.COM/BILL 866-712-7753 CA,,-1.99,
9/14/22,Debit Card,ST GEORGES DONU SPRINGFIELD MO,,-9.3,
9/12/22,Debit Card,SEOUL ORIENTAL Springfield MO,,-34.36,
9/12/22,Debit Card,ADOBE CREATIVE 4085366000 CA,,-29.99,
9/12/22,Debit Card,PP*GOOGLE GOOGL 4029357733 CA,,-1.99,
9/9/22,Debit Card,175000000267 LOWE'S #422 1850 E SPRINGFIELD MO,,-16.67,
9/9/22,Debit Card,ST GEORGES DONU SPRINGFIELD MO,,-4.92,
9/8/22,Debit Card,04500000830133 RAPID ROBERTS #1 SPRINGFIELD MO,,-15.03,
9/6/22,Debit Card,APPLE.COM/BILL www.apple.com CA,,-9.99,
9/6/22,Debit Card,APPLE.COM/BILL 866-712-7753 CA,,-2.99,
9/1/22,Debit Card,CARL'S JR #727 BIG CABIN OK,,-3.8,
9/1/22,Debit Card,LOVE'S #727 BIG CABIN OK,,-4.99,
9/1/22,Debit Card,TACO BELL 03636 SPRINGFIELD MO,,-5,
,,,,,
Aug. 25,,2-7753 CA,APPLE.COM/BILL 866-71,10.98,
Aug. 25,CheckPlus,61861,MURPHY USA 7782 REPUBLIC MO 08/25,15.07,
Aug. 26,,2-7753 CA,APPLE.COM/BILL 866-7,2.99,
Aug. 29,,494724 CA,WIX.COM 1013105 +141 54,21.5,
Aug. 30,CheckPlus,KUM&GO 0468 SPR,SPRINGFIELD MO 08/29,10.15,
,,,,,
Aug. 16,CheckPlus,61861,MURPHY USA 7782 REPUBLIC MO 08/16,10.16,
Aug. 18,CheckPlus,PIRATE SHIP PO,JACKSON WY 08/17,7.07,
Aug. 19,CheckPlus,TACO BELL 01819,REPUBLIC MO 08/17,9.03,
Aug. 19,CheckPlus,CASEYS #3871,CASEYS #3871 SPRINGFIELD MO 08/18,4.92,
Aug. 19,CheckPlus,CASEYS #3871,CASEYS #3871 SPRINGFIELD MO 08/18,10.05,
Aug. 22,CheckPlus,RAISING CANE'S,SPRINGFIELD MO 08/18,9.72,
Aug. 22,CheckPlus,TAQUERIA ARANDA,QUINCY IL 08/20,26.85,
Aug. 22,CheckPlus,34044,SHELL SERVICE S QUINCY IL 08/20,10.05,
Aug. 22,CheckPlus,29802322,HY-VEE F& HY VEE G QUINCY IL 08/20,21.94,
,,,,,
Aug. 01,,2-7753 CA,APPLE.COM/BILL 866-71,7.99,
Aug. 03,CheckPlus,SQ *HURTS DONUT,Springfield MO 08/02,8.59,
Aug. 03,CheckPlus,61861,MURPHY USA 7782 REPUBLIC MO 08/03,5.1,
Aug. 04,,2-7753 CA,APPLE.COM/BILL 866- 71,2.99,
Aug. 05,CheckPlus,SAMS CLUB #498,SAMS CLUB #4985 SPRINGFIELD MO 08/04,4.15,
Aug. 08,CheckPlus,TACO BELL 03622,SPRINGFIELD MO 08/05,8.94,
Aug. 08,CheckPlus,CHINA KING,SPRINGFIELD MO 08/06,15.05,
Aug. 08,CheckPlus,61861,MURPHY USA 7782 REPUBLIC MO 08/06,10.02,
Aug. 08,CheckPlus,1.75E+11,LOWE'S #2314 1225 REPUBLIC MO 08/06,19.62,
Aug. 09,,2-7753 CA,APPLE.COM/BILL 866- 71,23.99,
Aug. 09,CheckPlus,PIRATE SHIP PO,JACKSON WY 08/08,37.91,
Aug. 09,CheckPlus,PIRATE SHIP PO,JACKSON WY 08/08,69.89,
Aug. 10,CheckPlus,PANERA BREAD #2,SPRINGFIELD MO 08/09,4.1,
Aug. 11,,6000 CA,ADOBE CREATIVE 4085 36,29.99,
Aug. 12,CheckPlus,ANDY'S FROZEN C,SPRINGFIELD MO 08/11,7.16,
Aug. 15,CheckPlus,JERSEY MIKES 25,SPRINGFIELD MO 08/13,22.7,
,,,,,
,,,,,
19-Jul,CheckPlus,PIRATE SHIP PO,JACKSON WY 07/18,3.88,
19-Jul,CheckPlus,PIRATE SHIP PO,JACKSON WY 07/18,15.31,
22-Jul,CheckPlus,4500000830042,RAPID ROBERTS #1 REPUBLIC MO 07/22,5.16,
22-Jul,CheckPlus,SAMS CLUB #498,SAMS CLUB #4985 SPRINGFIELD MO 07/22,20,
22-Jul,CheckPlus,28454256,MNRD-SPRN 3803 W U SPRINGFIELD MO 07/22,67.39,
25-Jul,,2-7753 CA,APPLE.COM/BILL 866- 71,2.99,
25-Jul,CheckPlus,ANDY'S FROZEN C,REPUBLIC MO 07/24,2.91,
25-Jul,CheckPlus,SQ *OZARK SAW &,Nixa MO 07/22,31.79,
25-Jul,CheckPlus,SEOUL ORIENTAL,Springfield MO 07/23,38.56,
25-Jul,CheckPlus,1.75E+11,LOWE'S #2314 1225 REPUBLIC MO 07/24,21.67,
29-Jul,,494724 CA,WIX.COM 1008249 +141,,
30-Jun,CheckPlus,1.75E+11,LOWE'S #2314 1225 REPUBLIC MO 06/30,44.3,
1-Jul,CheckPlus,Blooms sgf,Springfield MO 06/30,3.78,
1-Jul,CheckPlus,WM SUPERCENTER,WM SUPERCENTER # REPUBLIC MO 06/30,6.94,
5-Jul,,2-7753 CA,APPLE.COM/BILL 866- 71,2.99,
5-Jul,CheckPlus,Blooms sgf,Springfield MO 07/02,10.49,
5-Jul,CheckPlus,TST* THE BIG SL,SPRINGFIELD MO 07/02,14.08,
5-Jul,CheckPlus,1.75E+11,LOWE'S #2314 1225 REPUBLIC MO 07/05,7,
7-Jul,CheckPlus,UDEMY: ONLINE C,#ERROR!,9.99,
11-Jul,,6000 CA,ADOBE CREATIVE 4085 36,29.99,
11-Jul,CheckPlus,AMC 0736 SPRING,SPRINGFIELD MO 07/07,17.71,
11-Jul,CheckPlus,61861,MURPHY USA 7782 REPUBLIC MO 07/11,10.01,
12-Jul,CheckPlus,SQ *OZARK SAW &,Nixa MO 07/11,119.75,
14-Jul,CheckPlus,POPEYES 13947,REPUBLIC MO 07/13,12.24,
15-Jul,CheckPlus,ST GEORGES DONU,SPRINGFIELD MO 07/14,10.54,
15-Jul,CheckPlus,WENDY'S 0036,WENDY'S 0036 REPUBLIC MO 07/14,4.57,
15-Jul,CheckPlus,3.85E+11,KUM&GO 1479 SPRING SPRINGFIELD MO 07/15,10.03,
18-Jul,CheckPlus,WM SUPERCENTER,WM SUPERCENTER # REPUBLIC MO 07/16,11.67,
18-Jul,CheckPlus,WM SUPERCENTER,WM SUPERCENTER # REPUBLIC MO 07/18,60.83,
,,,,,
21-Jun,CheckPlus,Blooms sgf,Springfield MO 06/18,10,
21-Jun,CheckPlus,SEOUL ORIENTAL,Springfield MO 06/18,36.26,
24-Jun,CheckPlus,61861,MURPHY USA 7782 REPUBLIC MO 06/24,10.01,
24-Jun,CheckPlus,WM SUPERCENTER,WM SUPERCENTER # REPUBLIC MO 06/24,15.64,
27-Jun,,2-7753 CA,APPLE.COM/BILL 866- 71,2.99,
27-Jun,CheckPlus,CHINA KING,SPRINGFIELD MO 06/25,30,
29-Jun,,ANCISCO CA,WIX.COM SAN FR,21.5,
30-Jun,,2-7753 CA,APPLE.COM/BILL 866- 71,7.99,
,,,,,
May23,CheckPlus,LOS TRES HERMAN,COLUMBIA MO 05/21,31.46,
May23,CheckPlus,1.95E+11,QT 184 OUTSIDE 432 KANSAS CITY MO 05/23,10.15,
May23,CheckPlus,1.95E+11,QT 247 OUTSIDE 140 HARRISONVILLE MO 05/23,20.01,
May23,CheckPlus,2.22E+11,UTRECHT ART 800447 KANSAS CITY MO 05/23,40.22,
May24,CheckPlus,PANERA BREAD #2,KANSAS CITY MO 05/23,4.29,
May24,CheckPlus,PANERA BREAD #2,KANSAS CITY MO 05/23,12.04,
May24,CheckPlus,QT 241,BLUE SPRINGS MO 05/22,12.4,
May24,CheckPlus,DENTAL CLINIC,KANSAS CITY MO 05/23,54,
May24,CheckPlus,DENTAL CLINIC,KANSAS CITY MO 05/23,76,
May25,,2-7753 CA,APPLE.COM/BILL 866- 71,2.99,
May25,CheckPlus,CROWN CENTER AP,SAINT JOSEPH MO 05/23,5.73,
May27,CheckPlus,61861,MURPHY USA 7782 REPUBLIC MO 05/27,20,
May31,CheckPlus,POPEYES 13462,NIXA MO 05/27,13.69,
May31,CheckPlus,WM SUPERCENTER,WM SUPERCENTER # REPUBLIC MO 05/29,7.17,
May31,CheckPlus,1.75E+11,LOWE'S #2314 1225 REPUBLIC MO 05/28,24.53,
1-Jun,,ancisco CA,"Wix.Com, Inc. San Fr",21.5,
2-Jun,CheckPlus,1.75E+11,LOWE'S #2314 1225 REPUBLIC MO 06/02,20.24,
6-Jun,,2-7753 CA,APPLE.COM/BILL 866- 71,2.99,
6-Jun,,2-7753 CA,APPLE.COM/BILL 866- 71,4.99,
6-Jun,CheckPlus,PANERA BREAD #2,SPRINGFIELD MO 06/04,7.55,
6-Jun,CheckPlus,SEOUL ORIENTAL,Springfield MO 06/04,16.64,
6-Jun,CheckPlus,90829630,BARNESNOB 3055 Sou Springfield MO 06/04,10.76,
6-Jun,CheckPlus,23558213,USPS PO 660 E HA REPUBLIC MO 06/06,13.9,
6-Jun,CheckPlus,HOBBYLOBBY,HOBBYLOBBY SPRINGFIELD MO 06/04,25.84,
10-Jun,,7733 CA,PP GOOGLE GOOGL 4029,1.99,
13-Jun,,6000 CA,ADOBE CREATIVE 4085 36,29.99,
13-Jun,CheckPlus,WM SUPERCENTER,WM SUPERCENTER # REPUBLIC MO 06/12,62.12,
15-Jun,CheckPlus,SQ *THE WHEELHO,Springfield MO 06/14,29.73,
15-Jun,CheckPlus,61861,MURPHY USA 7782 REPUBLIC MO 06/14,15.03,
May17,CheckPlus,50073,SIGNAL FOOD STOR NIXA MO 05/16,8.23,
May17,CheckPlus,50073,SIGNAL FOOD STOR NIXA MO 05/16,15.1,
May18,CheckPlus,ST GEORGES DONU,SPRINGFIELD MO 05/17,10.54,
May18,CheckPlus,50073,SIGNAL FOOD STOR NIXA MO 05/18,6.02,
May18,CheckPlus,28454256,MNRD-SPRN 3803 W U SPRINGFIELD MO 05/18,7.85,
May18,CheckPlus,50073,SIGNAL FOOD STOR NIXA MO 05/18,15.01,
May19,CheckPlus,61861,MURPHY USA 7782 REPUBLIC MO 05/18,15.01,
May19,CheckPlus,50073,SIGNAL FOOD STOR NIXA MO 05/19,15.33,
May20,,2-7753 CA,APPLE.COM/BILL 866- 71,7.99,
May20,CheckPlus,JERSEY MIKES 25,SPRINGFIELD MO 05/18,22.7,
May20,CheckPlus,61861,MURPHY USA 7782 REPUBLIC MO 05/20,56.29,
May23,CheckPlus,SQ *SEOUL TACO,Columbia MO 05/22,16.27,
Apr. 26,,ple.com CA,APPLE.COM/BILL www.ap,2.99,
Apr. 26,CheckPlus,TLF*JEROME H SC,SPRINGFIELD MO 04/25,4.86,
Apr. 26,CheckPlus,SQ *TACOS EL CH,Springfield MO 04/25,35.49,
Apr. 26,CheckPlus,TLF*JEROME H SC,SPRINGFIELD MO 04/25,52.94,
Apr. 27,CheckPlus,61861,MURPHY USA 7782 REPUBLIC MO 04/27,20.02,
Apr. 29,,ANCISCO CA,WIX.COM SAN FR,21.5,
Apr. 29,CheckPlus,CHINA KING,SPRINGFIELD MO 04/28,30.92,
May02,,2-7753 CA,APPLE.COM/BILL 866- 71,7.99,
May02,CheckPlus,ANDY'S FROZEN C,REPUBLIC MO 04/29,13.99,
May02,CheckPlus,SEOUL ORIENTAL,Springfield MO 04/30,38.94,
May02,CheckPlus,61861,MURPHY USA 7782 REPUBLIC MO 04/30,15.15,
May02,CheckPlus,61861,MURPHY USA 7782 REPUBLIC MO 05/01,32.61,
May04,,2-7753 CA,APPLE.COM/BILL 866-71,2.99,
May09,CheckPlus,PP*BREWCREWLLC,Springfield MO 05/07,17.71,
May09,CheckPlus,WM SUPERCENTER,WM SUPERCENTER # REPUBLIC MO 05/06,21,
May09,CheckPlus,HOBBYLOBBY,HOBBYLOBBY SPRINGFIELD MO 05/07,28.75,
May10,,7733 CA,PP GOOGLE GOOGL 4029 35,1.99,
May10,CheckPlus,ANDY'S FROZEN C,REPUBLIC MO 05/09,11.77,
May11,,6000 CA,ADOBE CREATIVE 4085 3 36,29.99,
May11,CheckPlus,3.85E+11,KUM&GO 0566 SPRING SPRINGFIELD MO 05/11,24.58,
May12,CheckPlus,CASEYS #2619,NIXA MO 05/10,10.25,
May12,CheckPlus,KUM&GO 0566 SPR,SPRINGFIELD MO 05/11,15,
May12,CheckPlus,1.75E+11,LOWE'S #2314 1225 REPUBLIC MO 05/12,18.15,
May16,CheckPlus,CHINA KING,SPRINGFIELD MO 05/13,40.51,
May16,CheckPlus,CASEYS #2856,CASEYS #2856 NIXA MO 05/16,10,
May16,CheckPlus,WENDY'S 0032,WENDY'S 0032 OZARK MO 05/16,10.86,
May16,CheckPlus,28454256,MNRD-SPRN 3803 W U SPRINGFIELD MO 05/15,18.93,
Apr. 18,CheckPlus,1.75E+11,LOWE'S #2314 1225 REPUBLIC MO 04/15,2.81,
Apr. 18,CheckPlus,29804645190,MAMA JEAN 1110 E R SPRINGFIELD MO 04/16,14.29,
Apr. 21,CheckPlus,ST GEORGES DONU,SPRINGFIELD MO 04/20,15.46,
Apr. 21,CheckPlus,DBC*BLICK ART M,800-447-1892 IL 04/19,110.06,
Apr. 22,CheckPlus,61861,MURPHY USA 7782 REPUBLIC MO 04/22,10.14,
Apr. 22,CheckPlus,1.75E+11,LOWE'S #2314 1225 REPUBLIC MO 04/22,23.36,
Apr. 25,CheckPlus,TACO BELL 01819,REPUBLIC MO 04/23,6.09,
Apr. 25,CheckPlus,SQ *THE WHEELHO,Springfield MO 04/22,31.07,
Apr. 25,CheckPlus,1.75E+11,LOWE'S #2314 1225 REPUBLIC MO 04/23,8.82,
Apr. 25,CheckPlus,3.85E+11,KUM&GO 0563 SPRING SPRINGFIELD MO 04/24,10,
Apr. 25,CheckPlus,1.75E+11,LOWE'S #2314 1225 REPUBLIC MO 04/23,21.95,
Mar. 22,CheckPlus,7.20E+11,CIRCLE K 01620 181 EUREKA MO 03/22,28.88,
Mar. 22,CheckPlus,61861,MURPHY USA 7782 REPUBLIC MO 03/22,48.87,
Mar. 23,CheckPlus,CASEYS GEN STO,CASEYS GEN STORE PEORIA IL 03/23,4.31,
Mar. 28,,ple.com CA,APPLE.COM/BILL www. ap,2.99,
Mar. 28,CheckPlus,RENAISSANCE SCH,CHICAGO IL 03/24,3.92,
Mar. 28,CheckPlus,4500009448671,JACK FLASH FARME FARMERSVILLE IL 03/28,15.03,
Mar. 28,CheckPlus,1.95E+11,QT 655 OUTSIDE 290 EUREKA MO 03/28,15.05,
Mar. 28,CheckPlus,1.95E+11,QT 655 OUTSIDE 290 EUREKA MO 03/28,16.82,
Mar. 29,,494724 CA,WIX.COM 9882668 +141 54,21.5,
Mar. 30,,2-7753 CA,APPLE.COM/BILL 866- 71,7.99,
Mar. 30,CheckPlus,PORTILLOS HOT D,PEORIA IL 03/28,22.92,
Mar. 30,CheckPlus,61861,MURPHY USA 7782 REPUBLIC MO 03/30,20.13,
Apr. 01,CheckPlus,61861,MURPHY USA 7782 REPUBLIC MO 04/01,15.09,
Apr. 04,,2-7753 CA,APPLE.COM/BILL 866-,2.99,
Apr. 04,CheckPlus,THE BIG SLICE -,SPRINGFIELD MO 04/01,13.51,
Apr. 04,CheckPlus,SQ *OZARK SAW &,Nixa MO 04/01,91.52,
Apr. 06,CheckPlus,KUM&GO 0495 NIX,NIXA MO 04/05,10,
Apr. 06,CheckPlus,61861,MURPHY USA 7782 REPUBLIC MO 04/06,15.04,
Apr. 07,CheckPlus,1.75E+11,LOWE'S #2314 1225 REPUBLIC MO 04/07,12.96,
Apr. 07,CheckPlus,23558213,USPS PO 2 660 E HA REPUBLIC MO 04/07,24.75,
Apr. 11,,7733 CA,PP GOOGLE GOOGL 4029 35,1.99,
Apr. 11,,6000 CA,ADOBE CREATIVE 4085 36,29.99,
Apr. 11,CheckPlus,1.75E+11,LOWE'S #2314 1225 REPUBLIC MO 04/10,18.63,
Apr. 11,CheckPlus,1.75E+11,LOWE'S #2314 1225 REPUBLIC MO 04/11,46.29,
Apr. 11,CheckPlus,28454249,MNRD-SPRN 500 N EA SPRINGFIELD MO 04/09,62.25,
Apr. 13,CheckPlus,23558213,USPS PO 660 E HA REPUBLIC MO 04/13,9.25,
Apr. 15,CheckPlus,WM SUPERCENTER,WM SUPERCENTER # REPUBLIC MO 04/15,45.43,
Feb. 28,CheckPlus WM SUPERCENTER,WM SUPERCENTER # REPUBLIC MO 02/26,30.9,,
Mar. 01,494724 CA,WIX.COM 9833192 +141 54,21.5,,
Mar. 02,2-7753 CA,APPLE.COM/BILL 866- 71,7.99,,
Mar. 04,2-7753 CA,APPLE.COM/BILL 866- 71,2.99,,
Mar. 07,CheckPlus SQ *HURTS DONUT,Springfield MO 03/05,8.3,,
Mar. 07,CheckPlus WM SUPERCENTER,WM SUPERCENTER # REPUBLIC MO 03/06,45.53,,
Mar. 10,7733 CA,PP GOOGLE GOOGL 4029 35,1.99,,
Mar. 11,6000 CA,ADOBE CREATIVE 4085 36,29.99,,
Mar. 14,CheckPlus CASEYS GEN STO,CASEYS GEN STORE CAMDENTON MO 03/14,7.32,,
Mar. 14,CheckPlus 00000000061861,MURPHY USA 7782 REPUBLIC MO 03/12,10.05,,
Mar. 14,CheckPlus 385300015173,KUM&GO 0497 REPUBL REPUBLIC MO 03/14,10.19,,
Mar. 14,CheckPlus 53470308010247,ASIAN WORLD MARK SPRINGFIELD MO 03/12,12.44,,
Mar. 15,CheckPlus 175000001225,LOWE'S #2226 1800 OZARK MO 03/15,7.63,,
Mar. 15,CheckPlus 00000000061861,MURPHY USA 7782 REPUBLIC MO 03/15,15.01,,
Mar. 15,CheckPlus 028454249,MNRD-SPRN 500 N EA SPRINGFIELD MO 03/15,17.26,,
Feb. 18,CheckPlus,AT&T AR58 15538,OZARK MO 02/16,83.6,
Feb. 18,CheckPlus,1.75E+11,LOWE'S #2314 1225 REPUBLIC MO 02/18,4.31,
Feb. 22,CheckPlus,SQ *OZARK SAW &,Nixa MO 02/18,134.73,
Feb. 22,CheckPlus,3.85E+11,KUM&GO 0432 BOLIVA BOLIVAR MO 02/19,8.78,
Feb. 22,CheckPlus,WM SUPERCENTER,WM SUPERCENTER # REPUBLIC MO 02/22,19.69,
Feb. 22,CheckPlus,3.85E+11,KUM&GO 0497 REPUBL REPUBLIC MO 02/19,24.89,
Feb. 22,CheckPlus,28454256,MNRD-SPRN 3803 W U SPRINGFIELD MO 02/22,44.48,
Feb. 03,CheckPlus,TACO BELL 02606,WILLARD MO 02/01,6.03,
Feb. 04,,2-7753 CA,APPLE.COM/BILL 866- 71,2.99,
Feb. 07,CheckPlus,SEOUL ORIENTAL,Springfield MO 02/05,36.53,
Feb. 07,CheckPlus,3.85E+11,KUM&GO 0497 REPUBL REPUBLIC MO 02/05,11.49,
Feb. 07,CheckPlus,61861,MURPHY USA 7782 REPUBLIC MO 02/07,20,
Feb. 08,CheckPlus,DOLLAR-GENERAL,DOLLAR-GENERAL # WILLARD MO 02/08,7.87,
Feb. 08,CheckPlus,1.75E+11,LOWE'S #2314 1225 REPUBLIC MO 02/07,36.31,
Feb. 09,CheckPlus,1.75E+11,LOWE'S #2314 1225 REPUBLIC MO 02/08,19.62,
Feb. 10,,7733 CA,PP GOOGLE GOOGL 4029 35,1.99,
Feb. 10,CheckPlus,61861,MURPHY USA 7782 REPUBLIC MO 02/10,20,
Feb. 11,,6000 CA,ADOBE CREATIVE 4085 36,29.99,
Feb. 14,CheckPlus,THE BIG SLICE,SPRINGFIELD MO 02/12,12.01,
Feb. 14,CheckPlus,1.75E+11,LOWE'S #2314 1225 REPUBLIC MO 02/14,12.5,
Feb. 14,CheckPlus,61861,MURPHY USA 7782 REPUBLIC MO 02/14,20.1,
Feb. 15,CheckPlus,1.75E+11,LOWE'S #2314 1225 REPUBLIC MO 02/15,24.41,
Jan. 25,,2-7753 CA,APPLE.COM/BILL 866- 71,2.99,
Jan. 26,CheckPlus,CASEYS GEN STO,CASEYS GEN STORE WILLARD MO 01/26,10,
Jan. 26,CheckPlus,1.75E+11,LOWE'S #2314 1225 REPUBLIC MO 01/26,15.69,
Jan. 28,CheckPlus,61861,MURPHY USA 7782 REPUBLIC MO 01/28,20.01,
Jan. 31,,2-7753 CA,APPLE.COM/BILL 866- 71,7.99,
Jan. 31,,494724 CA,WIX.COM 9780885 +141 54,21.5,
Jan. 31,CheckPlus,THE BIG SLICE -,SPRINGFIELD MO 01/29,10,
Jan. 31,CheckPlus,SQ *THE WHEELHO,Springfield MO 01/29,36.67,
Jan. 04,,2-7753 CA,APPLE.COM/BILL 866- 71,2.99,
Jan. 04,CheckPlus,1.75E+11,LOWE'S #2314 1225 REPUBLIC MO 01/04,10.89,
Jan. 05,CheckPlus,SQ *OZARK SAW &,Nixa MO 01/04,29.31,
Jan. 10,,7733 CA,PP GOOGLE GOOGL 4029 35,1.99,
Jan. 11,,6000 CA,ADOBE CREATIVE 4085 36,29.99,
Jan. 12,CheckPlus,1.75E+11,LOWE'S #2314 1225 REPUBLIC MO 01/12,53.94,
,,,,,
Mar. 16,CheckPlus,175000001267,LOWE'S #2314 1225 REPUBLIC MO 03/16,20.60,
Mar. 16,RoundUp Transfer to 8192,,,0.40,
Mar. 17,CheckPlus,00000000024100,WAL-MART #1009 REPUBLIC MO 03/17,9.88,
Mar. 17,RoundUp Transfer to 8192,,,0.12,
Mar. 17,PAYPAL INST XFER,,,50.00,
Mar. 21,CheckPlus,00000000061861,MURPHY USA 7782 REPUBLIC MO 03/21,20.00,
Mar. 21,CheckPlus,175000000267,LOWE'S #422 1850 E SPRINGFIELD MO 03/21,89.01,
Mar. 22,CheckPlus,SQ *OZARK SAW &,Nixa MO 03/21,11.89,
Mar. 22,CheckPlus,720000098722,CIRCLE K 01620 181 EUREKA MO 03/22,5.27,
,,,,,
01/02 MENARDS 3355,,$52.96,,,
05/10 SQ *OZARK SAW & LUMBER,,$194.60,,,
07/05 Etsy.com - AnthonyRWoo,,$24.90,,,
01/04 MURPHY USA 7782,,$20.08,,,
01/02 JERSEY MIKES 25010,,$7.11,,,
Etsy Inc Seller Fees,,$0.20,,,
Etsy Inc Seller Fees,,$12.90,,,
Etsy Inc Seller Fees,,$10.53,,,
Etsy Inc Seller Fees,,$23.89,,,
Etsy Inc Seller Fees,,$20.61,,,
